{
    "Graphic Generator": {
        "1": [
            723.0,
            243.0
        ]
    },
    "Ilda Controller": {
        "1": [
            1223.0,
            270.0
        ]
    },
    "Oscillator Bank": {
        "1": [
            164.930953979492,
            300.422058105469
        ]
    },
    "Phasor": {
        "1": [
            -311.37109375,
            189.1875
        ]
    }
}