{
    "Graphic Generator": {
        "1": [
            723.43359375,
            243.1171875
        ]
    },
    "Ilda Controller": {
        "1": [
            1223.23046875,
            270.1328125
        ]
    }
}