{
    "Blue": 1.0,
    "Color": "255, 255, 255, 255",
    "Division_Spacing_Vec": 0.5,
    "Divisions_Vec": 0,
    "End_Follow_Vec": 1.0,
    "Green": 1.0,
    "Jitter_Vec": 0.0,
    "Modulation_Amount": 0.221399992704391,
    "Num_Vertex": 1,
    "Offset_Follow_Vec": 0.0,
    "Opacity_Vec": 1.0,
    "Point_Modulation": 0.5,
    "Position_Replicator": "1",
    "Position_points": "0.997357, 0.994438, 0_|_0.999946, 0.98615, 0_|_0.999587, 0.974216, 0_|_0.998, 0.958724, 0_|_0.995227, 0.939793, 0_|_0.991275, 0.917563, 0_|_0.986153, 0.892202, 0_|_0.979873, 0.863899, 0_|_0.972451, 0.832866, 0_|_0.963903, 0.799338, 0_|_0.954251, 0.763565, 0_|_0.943516, 0.725814, 0_|_0.931726, 0.686371, 0_|_0.918907, 0.645529, 0_|_0.905091, 0.603596, 0_|_0.89031, 0.560886, 0_|_0.8746, 0.517719, 0_|_0.857997, 0.47442, 0_|_0.840542, 0.749324, 0_|_0.822276, 0.770375, 0_|_0.803242, 0.79077, 0_|_0.783486, 0.810459, 0_|_0.763055, 0.829393, 0_|_0.741998, 0.847527, 0_|_0.720364, 0.864817, 0_|_0.698206, 0.881221, 0_|_0.675575, 0.896699, 0_|_0.652527, 0.911213, 0_|_0.629115, 0.924728, 0_|_0.605396, 0.937211, 0_|_0.581425, 0.948633, 0_|_0.557261, 0.958964, 0_|_0.53296, 0.968181, 0_|_0.508581, 0.97626, 0_|_0.484182, 0.983183, 0_|_0.0382221, 0.988932, 0_|_0.0568996, 0.993493, 0_|_0.0790198, 0.996855, 0_|_0.10441, 0.99901, 0_|_0.132875, 0.999954, 0_|_0.164192, 0.999019, 0_|_0.198117, 0.994438, 0_|_0.234388, 0.98615, 0_|_0.272723, 0.974216, 0_|_0.312824, 0.958724, 0_|_0.354378, 0.939793, 0_|_0.397065, 0.917563, 0_|_0.440551, 0.892202, 0_|_0.484499, 0.863899, 0_|_0.528567, 0.832866, 0_|_0.572413, 0.799338, 0_|_0.615697, 0.763565, 0_|_0.658082, 0.725814, 0_|_0.699238, 0.686371, 0_|_0.738847, 0.645529, 0_|_0.7766, 0.603596, 0_|_0.812204, 0.560886, 0_|_0.845382, 0.517719, 0_|_0.875877, 0.47442, 0_|_0.903452, 0.749324, 0_|_0.927892, 0.770375, 0_|_0.949008, 0.79077, 0_|_0.966635, 0.810459, 0_|_0.980636, 0.829393, 0_|_0.990904, 0.847527, 0_|_0.997357, 0.864817, 0_|_0.999946, 0.881221, 0_|_0.999587, 0.896699, 0_|_0.998, 0.911213, 0_|_0.995227, 0.924728, 0_|_0.991275, 0.937211, 0_|_0.986153, 0.948633, 0_|_0.979873, 0.958964, 0_|_0.972451, 0.968181, 0_|_0.963903, 0.97626, 0_|_0.954251, 0.983183, 0_|_0.943516, 0.988932, 0_|_0.931726, 0.993493, 0_|_0.918907, 0.996855, 0_|_0.905091, 0.99901, 0_|_0.89031, 0.999954, 0_|_0.8746, 0.999019, 0_|_0.857997, 0.994438, 0_|_0.840542, 0.98615, 0_|_0.822276, 0.974216, 0_|_0.803242, 0.958724, 0_|_0.783486, 0.939793, 0_|_0.763055, 0.917563, 0_|_0.741998, 0.892202, 0_|_0.720364, 0.863899, 0_|_0.698206, 0.832866, 0_|_0.675575, 0.799338, 0_|_0.652527, 0.763565, 0_|_0.629115, 0.725814, 0_|_0.605396, 0.686371, 0_|_0.581425, 0.645529, 0_|_0.557261, 0.603596, 0_|_0.53296, 0.560886, 0_|_0.508581, 0.517719, 0_|_0.484182, 0.47442, 0",
    "Red": 1.0,
    "Refollow_In_Vec": 0.0,
    "Rotation_Vec": 0.0,
    "Scale_Pos_Vec": 1.0,
    "Size_Vec": 0.195800006389618,
    "To_Center": "0"
}