{
    "Graphic Generator": {
        "1": [
            723.0,
            243.0
        ]
    },
    "Ilda Controller": {
        "1": [
            1223.0,
            270.0
        ]
    },
    "Oscillator Bank": {
        "1": [
            6.9453125,
            120.359375
        ],
        "2": [
            6.76953125,
            633.86328125
        ]
    },
    "Phasor": {
        "1": [
            -311.37109375,
            189.1875
        ]
    },
    "Positions Creator": {
        "1": [
            339.722625732422,
            232.94140625
        ]
    }
}